age,qx_standard,loading,qx_btp
30,0.00065,0.4,0.0009099999999999999
40,0.0011,0.3,0.00143
50,0.0028,0.25,0.0035
60,0.009,0.2,0.010799999999999999
65,0.015,0.2,0.018
70,0.028,0.2,0.0336
